S-BR-01-C-01, c8defc42e379f45f4086cf81624102cc 
S-BR-01-C-02, c8defc42e379f45f4086cf8162411b0b 
S-BR-01-C-03, c8defc42e379f45f4086cf8162413355 
S-BR-01-C-04, c8defc42e379f45f4086cf8162414938 
S-BR-01-C-05, c8defc42e379f45f4086cf81624166c9 
S-BR-01-C-06, c8defc42e379f45f4086cf8162417125 
S-BR-01-C-07, c8defc42e379f45f4086cf81624185a6 
S-BR-01-C-08, c8defc42e379f45f4086cf8162419499 
S-BR-01-C-09, c8defc42e379f45f4086cf816241a4e6 
S-BR-01-C-10, c8defc42e379f45f4086cf816241bc01 
S-BR-01-C-11, c8defc42e379f45f4086cf816241ccbb 
S-BR-01-C-12, c8defc42e379f45f4086cf816241dbd2 
S-BR-01-C-13, c8defc42e379f45f4086cf816241e6e6 
S-BR-01-C-14, c8defc42e379f45f4086cf816241f916 
S-BR-01-C-15, c8defc42e379f45f4086cf81624204cd 
S-BR-01-C-16, c8defc42e379f45f4086cf81624210ff 
S-BR-01-C-17, c8defc42e379f45f4086cf8162422e6e 
S-BR-01-C-18, c8defc42e379f45f4086cf81624236f6 
S-BR-01-C-19, c8defc42e379f45f4086cf8162423bff 
S-BR-01-C-20, c8defc42e379f45f4086cf8162424685 
W-BR-01-C-01, c8defc42e379f45f4086cf81624282b1 
W-BR-01-C-02, c8defc42e379f45f4086cf8162428d6a 
W-BR-01-C-03, c8defc42e379f45f4086cf816242a3df 
W-BR-01-C-04, c8defc42e379f45f4086cf816242b375 
W-BR-01-C-05, c8defc42e379f45f4086cf816242c3fd 
W-BR-01-C-06, c8defc42e379f45f4086cf816242d6fd 
W-BR-01-C-07, c8defc42e379f45f4086cf816242ef81 
W-BR-01-C-08, c8defc42e379f45f4086cf816242f7fc 
W-BR-01-C-09, c8defc42e379f45f4086cf816242fb7b 
W-BR-01-C-10, c8defc42e379f45f4086cf8162430a23 
W-BR-01-C-11, c8defc42e379f45f4086cf81624316a4 
W-BR-01-C-12, c8defc42e379f45f4086cf8162433410 
W-BR-01-C-13, c8defc42e379f45f4086cf8162434418 
W-BR-01-C-14, c8defc42e379f45f4086cf8162434bf1 
W-BR-01-C-15, c8defc42e379f45f4086cf816243552c 
W-BR-01-C-16, c8defc42e379f45f4086cf8162435d63 
W-BR-01-C-17, c8defc42e379f45f4086cf816243622e 
W-BR-01-C-18, c8defc42e379f45f4086cf8162437106 
W-BR-01-C-19, c8defc42e379f45f4086cf8162437e98 
W-BR-01-C-20, c8defc42e379f45f4086cf816243952c 
W-BR-01-C-21, c8defc42e379f45f4086cf816243a682 
W-BR-01-C-22, c8defc42e379f45f4086cf816243b221 
W-BR-01-C-23, c8defc42e379f45f4086cf816243b8e2 
W-BR-01-C-24, c8defc42e379f45f4086cf816243cb9f 
