S-BR-01-C-01, c8defc42e379f45f4086cf816240fb05 
S-BR-01-C-02, c8defc42e379f45f4086cf8162410c87 
S-BR-01-C-03, c8defc42e379f45f4086cf8162412697 
S-BR-01-C-04, c8defc42e379f45f4086cf8162413ca2 
S-BR-01-C-05, c8defc42e379f45f4086cf8162415842 
S-BR-01-C-06, c8defc42e379f45f4086cf8162416a93 
S-BR-01-C-07, c8defc42e379f45f4086cf816241794b 
S-BR-01-C-08, c8defc42e379f45f4086cf81624188dd 
S-BR-01-C-09, c8defc42e379f45f4086cf8162419e94 
S-BR-01-C-10, c8defc42e379f45f4086cf816241b2d5 
S-BR-01-C-11, c8defc42e379f45f4086cf816241be44 
S-BR-01-C-12, c8defc42e379f45f4086cf816241db25 
S-BR-01-C-13, c8defc42e379f45f4086cf816241e304 
S-BR-01-C-14, c8defc42e379f45f4086cf816241ef3b 
S-BR-01-C-15, c8defc42e379f45f4086cf816241fb08 
S-BR-01-C-16, c8defc42e379f45f4086cf8162420786 
S-BR-01-C-17, c8defc42e379f45f4086cf81624220cb 
S-BR-01-C-18, c8defc42e379f45f4086cf8162423606 
S-BR-01-C-19, c8defc42e379f45f4086cf81624239ae 
S-BR-01-C-20, c8defc42e379f45f4086cf8162424664 
W-BR-01-C-01, c8defc42e379f45f4086cf8162428063 
W-BR-01-C-02, c8defc42e379f45f4086cf816242849e 
W-BR-01-C-03, c8defc42e379f45f4086cf816242993a 
W-BR-01-C-04, c8defc42e379f45f4086cf816242a93d 
W-BR-01-C-05, c8defc42e379f45f4086cf816242b406 
W-BR-01-C-06, c8defc42e379f45f4086cf816242c876 
W-BR-01-C-07, c8defc42e379f45f4086cf816242e62f 
W-BR-01-C-08, c8defc42e379f45f4086cf816242f6bf 
W-BR-01-C-09, c8defc42e379f45f4086cf816242fac4 
W-BR-01-C-10, c8defc42e379f45f4086cf81624309aa 
W-BR-01-C-11, c8defc42e379f45f4086cf81624313f1 
W-BR-01-C-12, c8defc42e379f45f4086cf81624324be 
W-BR-01-C-13, c8defc42e379f45f4086cf8162433d4d 
W-BR-01-C-14, c8defc42e379f45f4086cf81624349bf 
W-BR-01-C-15, c8defc42e379f45f4086cf816243506b 
W-BR-01-C-16, c8defc42e379f45f4086cf81624357c7 
W-BR-01-C-17, c8defc42e379f45f4086cf81624360de 
W-BR-01-C-18, c8defc42e379f45f4086cf81624369d6 
W-BR-01-C-19, c8defc42e379f45f4086cf8162437612 
W-BR-01-C-20, c8defc42e379f45f4086cf81624387c0 
W-BR-01-C-21, c8defc42e379f45f4086cf8162439967 
W-BR-01-C-22, c8defc42e379f45f4086cf816243b162 
W-BR-01-C-23, c8defc42e379f45f4086cf816243b227 
W-BR-01-C-24, c8defc42e379f45f4086cf816243c5bf 
